accuracy,f1,precision,recall,conf_matrix
0.9992668232820149,0.9981359609690605,0.998884336930247,0.9973887055525942,[681210    186    436 166531]
