accuracy,f1,precision,recall,conf_matrix
0.235919058233327,0.2712000467714227,0.1669381907774079,0.7223403427024502,[ 79538 601858  46360 120607]
