accuracy,f1,precision,recall,conf_matrix
0.9995603297173498,0.998882822117127,0.9990533820621892,0.9987123203986417,[681238    158    215 166752]
