{
    "normal": 51.881,
    "neptune": 0.0,
    "smurf": 2.229,
    "mscan": 0.669,
    "satan": 2.94,
    "back": 0.8839912582361203,
    "ipsweep": 2.124,
    "warezclient": 0.598,
    "portsweep": 2.079,
    "apache2": 0.4949912582361203,
    "guess_passwd": 0.8639912582361203,
    "teardrop": 0.608,
    "snmpguess": 0.222,
    "processtable": 0.46,
    "pod": 0.162,
    "nmap": 1.053,
    "warezmaster": 0.648,
    "buffer_overflow": 0.03299125823612029,
    "mailbomb": 0.196,
    "multihop": 0.016,
    "sendmail": 0.009,
    "ftp_write": 0.0069912582361202884,
    "snmpgetattack": 0.119,
    "saint": 0.214,
    "ps": 0.01,
    "httptunnel": 0.08799125823612028,
    "imap": 0.0069912582361202884,
    "named": 0.011,
    "rootkit": 0.014,
    "xterm": 0.008,
    "phf": 0.003,
    "xsnoop": 0.002,
    "land": 0.016,
    "worm": 0.0,
    "perl": 0.003,
    "xlock": 0.005,
    "udpstorm": 0.0,
    "loadmodule": 0.007,
    "sqlattack": 0.0,
    "spy": 0.0
}