{"normal": 51.88195573340002, "neptune": 30.88562056925193, "smurf": 2.229682284702917, "mscan": 0.670443724088841, "satan": 2.9414876732620887, "back": 0.8849472398303211, "ipsweep": 2.5182520368215005, "warezclient": 0.5992631852329239, "portsweep": 2.079626013601254, "apache2": 0.49633997364396265, "guess_passwd": 0.8647473571820201, "teardrop": 0.60888217697021, "snmpguess": 0.22316060830503748, "processtable": 0.46074970421600403, "pod": 0.16256096036013504, "nmap": 1.0542414944065563, "warezmaster": 0.6492819422668116, "buffer_overflow": 0.03366647108050134, "mailbomb": 0.197189330614365, "multihop": 0.017314185127114978, "sendmail": 0.009618991737286099, "ftp_write": 0.007695193389828878, "snmpgetattack": 0.12023739671607621, "saint": 0.21450351574148, "ps": 0.010580890911014709, "httptunnel": 0.0894566231567607, "imap": 0.007695193389828878, "named": 0.011542790084743317, "rootkit": 0.015390386779657756, "xterm": 0.008657092563557489, "phf": 0.003847596694914439, "xsnoop": 0.0028856975211858293, "land": 0.017314185127114978, "worm": 0.0009618991737286097, "perl": 0.003847596694914439, "xlock": 0.005771395042371659, "udpstorm": 0.0009618991737286097, "loadmodule": 0.007695193389828878, "sqlattack": 0.0009618991737286097, "spy": 0.0009618991737286097}