accuracy,f1,precision,recall,conf_matrix
0.9370988598041169,0.8100007477061444,0.9987356442945948,0.6812603688153946,[681252    144  53219 113748]
