accuracy,f1,precision,recall,conf_matrix
0.9869602298231439,0.9863136321876986,0.9963354273748334,0.9764914408321284,[23040    77   504 20935]
