accuracy,f1,precision,recall,conf_matrix
0.9869377861567465,0.9862852295221038,0.9966661904081535,0.976118289099305,[23047    70   512 20927]
