{"neptune": 71.626, "processtable": 1.072, "warezmaster": 0.567, "warezclient": 0.968, "satan": 6.797, "portsweep": 4.814, "ipsweep": 5.839, "nmap": 2.437, "teardrop": 1.405, "mscan": 1.556, "apache2": 1.15, "saint": 0.494, "udpstorm": 0.005, "mailbomb": 0.459, "snmpguess": 0.51, "snmpgetattack": 0.161, "multihop": 0.022000000000000002, "ftp_write": 0.01, "back": 0.036, "smurf": 0.005, "land": 0.01, "buffer_overflow": 0.005, "ps": 0.005, "loadmodule": 0.005, "httptunnel": 0.022000000000000002, "imap": 0.005, "spy": 0.005, "guess_passwd": 0.005, "pod": 0.005}