accuracy,f1,precision,recall,conf_matrix
0.9848280815153964,0.9840445619335347,0.996034210903531,0.9723401278044685,[23034    83   593 20846]
