accuracy,f1,precision,recall,conf_matrix
0.9391103330640094,0.9340560511411974,0.9752309410212161,0.8962171743085032,[22629   488  2225 19214]
