accuracy,f1,precision,recall,conf_matrix
0.9839752221922974,0.9831229612820876,0.9965974984425169,0.9700079294743225,[23046    71   643 20796]
