accuracy,f1,precision,recall,conf_matrix
0.9838405601939133,0.9829795281546971,0.9965489143459714,0.9697747096413079,[23045    72   648 20791]
