accuracy,f1,precision,recall,conf_matrix
0.8039117689008125,0.007375141714899457,0.9919743178170144,0.0037013302029742404,[681391      5 166349    618]
