,accuracy,loss,f1,precision,recall,confusion_matrix
LogisticRegression,0.9999775563336026,2.244366639734267e-05,0.0,1.0,0.0,"[[44555     0]
 [    1     0]]"
ExtraTrees,0.9999775563336026,2.244366639734267e-05,0.0,1.0,0.0,"[[44555     0]
 [    1     0]]"
Bagging,0.9999775563336026,2.244366639734267e-05,0.0,1.0,0.0,"[[44555     0]
 [    1     0]]"
DecisionTree,0.9999775563336026,2.244366639734267e-05,0.0,1.0,0.0,"[[44555     0]
 [    1     0]]"
RandomForest,0.9999775563336026,2.244366639734267e-05,0.0,1.0,0.0,"[[44555     0]
 [    1     0]]"
GradientBoosting,0.9999775563336026,2.244366639734267e-05,0.0,1.0,0.0,"[[44555     0]
 [    1     0]]"
GaussianNB,0.9999775563336026,2.244366639734267e-05,0.0,1.0,0.0,"[[44555     0]
 [    1     0]]"
Perceptron,0.9999775563336026,2.244366639734267e-05,0.0,1.0,0.0,"[[44555     0]
 [    1     0]]"
AdaBoost,0.9999551126672053,4.488733279468534e-05,1.0,0.0,0.0,"[[44554     1]
 [    1     0]]"
