,accuracy,loss,f1,precision,recall,confusion_matrix
LogisticRegression,0.9999775563336026,2.244366639734267e-05,0.0,1.0,0.0,"[[44555     0]
 [    1     0]]"
ExtraTrees,1.0,0.0,1.0,1.0,1.0,"[[44555     0]
 [    0     1]]"
Bagging,0.9999775563336026,2.244366639734267e-05,0.0,1.0,0.0,"[[44555     0]
 [    1     0]]"
DecisionTree,0.9999102253344107,8.977466558937069e-05,1.0,0.0,0.0,"[[44552     3]
 [    1     0]]"
RandomForest,0.9999775563336026,2.244366639734267e-05,0.0,1.0,0.0,"[[44555     0]
 [    1     0]]"
GradientBoosting,1.0,0.0,1.0,1.0,1.0,"[[44555     0]
 [    0     1]]"
GaussianNB,0.9999775563336026,2.244366639734267e-05,0.0,1.0,0.0,"[[44555     0]
 [    1     0]]"
Perceptron,0.9999775563336026,2.244366639734267e-05,0.0,1.0,0.0,"[[44555     0]
 [    1     0]]"
AdaBoost,1.0,0.0,1.0,1.0,1.0,"[[44555     0]
 [    0     1]]"
