,accuracy,loss,f1,precision,recall,confusion_matrix
LogisticRegression,0.999932669000808,6.733099919202801e-05,0.0,1.0,0.0,"[[44553     0]
 [    3     0]]"
ExtraTrees,0.999932669000808,6.733099919202801e-05,0.0,1.0,0.0,"[[44553     0]
 [    3     0]]"
Bagging,0.999932669000808,6.733099919202801e-05,0.0,1.0,0.0,"[[44553     0]
 [    3     0]]"
LDA,0.9993042463416824,0.0006957536583176228,0.1621621621621622,0.08823529411764706,1.0,"[[44522    31]
 [    0     3]]"
QDA,0.999932669000808,6.733099919202801e-05,0.0,1.0,0.0,"[[44553     0]
 [    3     0]]"
DecisionTree,0.9998653380016159,0.00013466199838405601,0.25,0.2,0.3333333333333333,"[[44549     4]
 [    2     1]]"
RandomForest,0.999932669000808,6.733099919202801e-05,0.0,1.0,0.0,"[[44553     0]
 [    3     0]]"
GradientBoosting,0.9975311966962923,0.002468803303707694,1.0,0.0,0.0,"[[44446   107]
 [    3     0]]"
GaussianNB,0.9977556333602657,0.002244366639734267,0.05660377358490566,0.02912621359223301,1.0,"[[44453   100]
 [    0     3]]"
Perceptron,0.999932669000808,6.733099919202801e-05,0.0,1.0,0.0,"[[44553     0]
 [    3     0]]"
AdaBoost,0.9999551126672053,4.488733279468534e-05,0.5,1.0,0.3333333333333333,"[[44553     0]
 [    2     1]]"
