accuracy,f1,precision,recall,conf_matrix
0.5188751234401652,0.00018655846275826687,1.0,9.328793320583982e-05,[23117     0 21437     2]
