,accuracy,loss,f1,precision,recall,confusion_matrix
LogisticRegression,0.9247004474314255,0.07529955256857443,0.831041197178974,0.8472088772126434,0.8154790324919451,"[[3683107  166333]
 [ 208691  922297]]"
ExtraTrees,0.9991275850187976,0.0008724149812024188,0.9980815277838488,0.9968284626951893,0.999337747173268,"[[3845844    3596]
 [    749 1130239]]"
QDA,0.7729134925753369,0.2270865074246631,0.0,0.0,0.0,"[[3849440       0]
 [1130988       0]]"
DecisionTree,0.999272753265382,0.0007272467346179887,0.9984006400972156,0.997220526644485,0.9995835499580897,"[[3846289    3151]
 [    471 1130517]]"
RandomForest,0.9988207840771918,0.0011792159228082406,0.997403649214574,0.9973838075458452,0.9974234916727676,"[[3846481    2959]
 [   2914 1128074]]"
GradientBoosting,0.9925564630188409,0.007443536981159049,0.9835870626810218,0.9850130972459427,0.9821651511775545,"[[3832539   16901]
 [  20171 1110817]]"
GaussianNB,0.6026052379434057,0.39739476205659435,0.5318608238717403,0.363051156578746,0.9940857020587309,"[[1876933 1972507]
 [   6689 1124299]]"
Perceptron,0.9266205635338971,0.07337943646610291,0.8295884646823456,0.8776311155091157,0.7865326599398048,"[[3725408  124032]
 [ 241429  889559]]"
AdaBoost,0.9862353195347869,0.01376468046521303,0.9694901163535896,0.9760196638577148,0.9630473532875681,"[[3822679   26761]
 [  41793 1089195]]"
