,accuracy,loss,f1,precision,recall,confusion_matrix
ExtraTrees,0.9991179472928833,0.0008820527071167378,0.9980603649057183,0.9967915221396437,0.9993324420771927,"[[3845802    3638]
 [    755 1130233]]"
LDA,0.8903287026737461,0.10967129732625389,0.7159287119979696,0.8692694151582967,0.6085749804595628,"[[3745927  103513]
 [ 442697  688291]]"
QDA,0.6940558120707698,0.30594418792923017,0.5953589309230486,0.42546551671130883,0.9911281109967568,"[[2335741 1513699]
 [  10034 1120954]]"
DecisionTree,0.9992721509075123,0.0007278490924876336,0.9983993104450183,0.9972222736779337,0.9995791290446937,"[[3846291    3149]
 [    476 1130512]]"
RandomForest,0.9989063188946813,0.0010936811053186594,0.9975925574800658,0.9973320466357187,0.997853204454866,"[[3846421    3019]
 [   2428 1128560]]"
GradientBoosting,0.9925564630188409,0.007443536981159049,0.9835870626810218,0.9850130972459427,0.9821651511775545,"[[3832539   16901]
 [  20171 1110817]]"
GaussianNB,0.6026052379434057,0.39739476205659435,0.5318608238717403,0.363051156578746,0.9940857020587309,"[[1876933 1972507]
 [   6689 1124299]]"
Perceptron,0.9266205635338971,0.07337943646610291,0.8295884646823456,0.8776311155091157,0.7865326599398048,"[[3725408  124032]
 [ 241429  889559]]"
AdaBoost,0.9862353195347869,0.01376468046521303,0.9694901163535896,0.9760196638577148,0.9630473532875681,"[[3822679   26761]
 [  41793 1089195]]"
