,accuracy,loss,f1,precision,recall,confusion_matrix
LogisticRegression,0.9247004474314255,0.07529955256857443,0.831041197178974,0.8472088772126434,0.8154790324919451,"[[3683107  166333]
 [ 208691  922297]]"
ExtraTrees,0.9991161402192743,0.0008838597807256726,0.9980563988718107,0.9967836102585812,0.9993324420771927,"[[3845793    3647]
 [    755 1130233]]"
QDA,0.6940558120707698,0.30594418792923017,0.5953589309230486,0.42546551671130883,0.9911281109967568,"[[2335741 1513699]
 [  10034 1120954]]"
DecisionTree,0.9992735564092082,0.0007264435907917954,0.9984023993153895,0.9972266768284614,0.9995808974100521,"[[3846296    3144]
 [    474 1130514]]"
RandomForest,0.9988205832912352,0.0011794167087647888,0.9974037339556593,0.9971815973952975,0.9976259695063078,"[[3846251    3189]
 [   2685 1128303]]"
GradientBoosting,0.9925564630188409,0.007443536981159049,0.9835870626810218,0.9850130972459427,0.9821651511775545,"[[3832539   16901]
 [  20171 1110817]]"
GaussianNB,0.6026052379434057,0.39739476205659435,0.5318608238717403,0.363051156578746,0.9940857020587309,"[[1876933 1972507]
 [   6689 1124299]]"
Perceptron,0.9266205635338971,0.07337943646610291,0.8295884646823456,0.8776311155091157,0.7865326599398048,"[[3725408  124032]
 [ 241429  889559]]"
AdaBoost,0.9862353195347869,0.01376468046521303,0.9694901163535896,0.9760196638577148,0.9630473532875681,"[[3822679   26761]
 [  41793 1089195]]"
