,accuracy,loss,f1,precision,recall,confusion_matrix
LogisticRegression,0.9247004474314255,0.07529955256857443,0.831041197178974,0.8472088772126434,0.8154790324919451,"[[3683107  166333]
 [ 208691  922297]]"
ExtraTrees,0.9991133292158827,0.000886670784117349,0.9980501658418727,0.9968037254590676,0.9992997273180617,"[[3845816    3624]
 [    792 1130196]]"
QDA,0.6940558120707698,0.30594418792923017,0.5953589309230486,0.42546551671130883,0.9911281109967568,"[[2335741 1513699]
 [  10034 1120954]]"
DecisionTree,0.9992721509075123,0.0007278490924876336,0.9983993146859014,0.9972196420994878,0.9995817815927314,"[[3846288    3152]
 [    473 1130515]]"
RandomForest,0.9986187934049041,0.001381206595095843,0.9969575072700936,0.9973990851222182,0.9965163202438929,"[[3846501    2939]
 [   3940 1127048]]"
GradientBoosting,0.9925564630188409,0.007443536981159049,0.9835870626810218,0.9850130972459427,0.9821651511775545,"[[3832539   16901]
 [  20171 1110817]]"
GaussianNB,0.6026052379434057,0.39739476205659435,0.5318608238717403,0.363051156578746,0.9940857020587309,"[[1876933 1972507]
 [   6689 1124299]]"
Perceptron,0.9266205635338971,0.07337943646610291,0.8295884646823456,0.8776311155091157,0.7865326599398048,"[[3725408  124032]
 [ 241429  889559]]"
AdaBoost,0.9862353195347869,0.01376468046521303,0.9694901163535896,0.9760196638577148,0.9630473532875681,"[[3822679   26761]
 [  41793 1089195]]"
