,accuracy,loss,f1,precision,recall,confusion_matrix
LogisticRegression,0.9247169118798625,0.07528308812013747,0.8310787493028104,0.847243987441188,0.8155188207125098,"[[3683144  166296]
 [ 208646  922342]]"
ExtraTrees,0.999125175587319,0.0008748244126809985,0.9980762378506495,0.9968187891643038,0.9993368629905888,"[[3845833    3607]
 [    750 1130238]]"
QDA,0.6961500095975687,0.30384999040243127,0.5977065089644572,0.4273359078055621,0.9939919786947342,"[[2342932 1506508]
 [   6795 1124193]]"
DecisionTree,0.9992725524794255,0.0007274475205745369,0.9984001907583749,0.9972249101800633,0.9995782448620144,"[[3846294    3146]
 [    477 1130511]]"
RandomForest,0.9987918708994488,0.0012081291005511976,0.9973402574164029,0.9972199165356183,0.9974606273452945,"[[3846295    3145]
 [   2872 1128116]]"
GradientBoosting,0.9925564630188409,0.007443536981159049,0.9835870626810218,0.9850130972459427,0.9821651511775545,"[[3832539   16901]
 [  20171 1110817]]"
GaussianNB,0.6026052379434057,0.39739476205659435,0.5318608238717403,0.363051156578746,0.9940857020587309,"[[1876933 1972507]
 [   6689 1124299]]"
Perceptron,0.9266205635338971,0.07337943646610291,0.8295884646823456,0.8776311155091157,0.7865326599398048,"[[3725408  124032]
 [ 241429  889559]]"
AdaBoost,0.9862353195347869,0.01376468046521303,0.9694901163535896,0.9760196638577148,0.9630473532875681,"[[3822679   26761]
 [  41793 1089195]]"
