,accuracy,loss,f1,precision,recall,confusion_matrix
LogisticRegression,0.9247004474314255,0.07529955256857443,0.831041197178974,0.8472088772126434,0.8154790324919451,"[[3683107  166333]
 [ 208691  922297]]"
ExtraTrees,0.999110518212491,0.0008894817875090253,0.9980439704838237,0.9968045623405809,0.9992864645778735,"[[3845817    3623]
 [    807 1130181]]"
QDA,0.7729134925753369,0.2270865074246631,0.0,0.0,0.0,"[[3849440       0]
 [1130988       0]]"
DecisionTree,0.9992721509075123,0.0007278490924876336,0.998399316099524,0.9972187649128625,0.9995826657754106,"[[3846287    3153]
 [    472 1130516]]"
RandomForest,0.9986091556789899,0.0013908443210101623,0.996937832292939,0.9968730522881885,0.9970026207174612,"[[3845903    3537]
 [   3390 1127598]]"
GradientBoosting,0.9925564630188409,0.007443536981159049,0.9835870626810218,0.9850130972459427,0.9821651511775545,"[[3832539   16901]
 [  20171 1110817]]"
GaussianNB,0.6026052379434057,0.39739476205659435,0.5318608238717403,0.363051156578746,0.9940857020587309,"[[1876933 1972507]
 [   6689 1124299]]"
Perceptron,0.9266205635338971,0.07337943646610291,0.8295884646823456,0.8776311155091157,0.7865326599398048,"[[3725408  124032]
 [ 241429  889559]]"
AdaBoost,0.9862353195347869,0.01376468046521303,0.9694901163535896,0.9760196638577148,0.9630473532875681,"[[3822679   26761]
 [  41793 1089195]]"
