,accuracy,loss,f1,precision,recall,confusion_matrix
LogisticRegression,0.9247004474314255,0.07529955256857443,0.831041197178974,0.8472088772126434,0.8154790324919451,"[[3683107  166333]
 [ 208691  922297]]"
ExtraTrees,0.9991287897345369,0.0008712102654631289,0.998084204066044,0.9968170870128508,0.9993545466441731,"[[3845831    3609]
 [    730 1130258]]"
QDA,0.7729134925753369,0.2270865074246631,0.0,0.0,0.0,"[[3849440       0]
 [1130988       0]]"
DecisionTree,0.9992721509075123,0.0007278490924876336,0.9983993076177503,0.9972240280790398,0.9995773606793352,"[[3846293    3147]
 [    478 1130510]]"
RandomForest,0.9989217794133356,0.0010782205866644392,0.9976266389229448,0.9973454127070251,0.9979080237809773,"[[3846436    3004]
 [   2366 1128622]]"
GradientBoosting,0.9925564630188409,0.007443536981159049,0.9835870626810218,0.9850130972459427,0.9821651511775545,"[[3832539   16901]
 [  20171 1110817]]"
GaussianNB,0.6026052379434057,0.39739476205659435,0.5318608238717403,0.363051156578746,0.9940857020587309,"[[1876933 1972507]
 [   6689 1124299]]"
Perceptron,0.9266205635338971,0.07337943646610291,0.8295884646823456,0.8776311155091157,0.7865326599398048,"[[3725408  124032]
 [ 241429  889559]]"
AdaBoost,0.9862353195347869,0.01376468046521303,0.9694901163535896,0.9760196638577148,0.9630473532875681,"[[3822679   26761]
 [  41793 1089195]]"
