{
    "BENIGN": 80.31894713497714,
    "PortScan": 5.615674158239931,
    "DoS Hulk": 8.137708618230848,
    "DDoS": 4.527224625450805,
    "DoS Slowhttptest": 0.19444176421170256,
    "DoS GoldenEye": 0.36397841287225696,
    "SSH-Patator": 0.20853613994957346,
    "DoS slowloris": 0.204949399170402,
    "FTP-Patator": 0.28062457786334316,
    "Web Attack-Brute Force": 0.053295936929941855,
    "Web Attack-XSS": 0.023035968947917998,
    "Bot": 0.06915842431951696,
    "Heartbleed": 0.00040413980610382456,
    "Infiltration": 0.0012629368940744515,
    "Web Attack-Sql Injection": 0.000757762136444671
}