accuracy,f1,precision,recall,conf_matrix
0.9993339929821292,0.9985346525730607,0.9974238222746263,0.9996479598921943,[3846956    2919     398 1130155]
