accuracy,f1,precision,recall,conf_matrix
0.611477690995601,0.3240794970910937,0.9947267497603068,0.19357246140211765,[23095    22 17289  4150]
