,accuracy,loss,f1,precision,recall,confusion_matrix
LogisticRegression,0.978723730289982,0.021276269710018,0.8572851766343021,0.9438360695694563,0.7852745629155381,"[[776100   3226]
 [ 14824  54213]]"
ExtraTrees,0.9991147657311787,0.0008852342688212475,0.9945590355510154,0.9948978112769966,0.9942204904616365,"[[778974    352]
 [   399  68638]]"
QDA,0.986643689081207,0.013356310918793017,0.9239606750998222,0.8607617094701043,0.9971754276692208,"[[768190  11136]
 [   195  68842]]"
DecisionTree,0.9997100297867776,0.00028997021322240595,0.9982183724905125,0.9982039137299208,0.9982328316699741,"[[779202    124]
 [   122  68915]]"
