,accuracy,loss,f1,precision,recall,confusion_matrix
ExtraTrees,0.9999992207640409,7.792359591420612e-07,0.9690721649484536,1.0,0.94,"[[3849875       0]
 [      3      47]]"
LDA,0.997189815386014,0.002810184613985987,0.002765231818600793,0.0013890175016205205,0.3,"[[3839091   10784]
 [     35      15]]"
QDA,0.9999870127340142,1.298726598570102e-05,0.0,0.0,0.0,"[[3849875       0]
 [     50       0]]"
DecisionTree,1.0,0.0,1.0,1.0,1.0,"[[3849875       0]
 [      0      50]]"
RandomForest,0.9999997402546803,2.597453197140204e-07,0.98989898989899,1.0,0.98,"[[3849875       0]
 [      1      49]]"
GradientBoosting,0.9999553238050092,4.467619499081151e-05,0.10416666666666667,0.07042253521126761,0.2,"[[3849743     132]
 [     40      10]]"
GaussianNB,0.9754852367253908,0.024514763274609247,0.0010584250635055038,0.0005294927459493805,1.0,"[[3755495   94380]
 [      0      50]]"
Perceptron,0.9999870127340142,1.298726598570102e-05,0.0,0.0,0.0,"[[3849875       0]
 [     50       0]]"
AdaBoost,1.0,0.0,1.0,1.0,1.0,"[[3849875       0]
 [      0      50]]"
